{
     "name": "Base-Top_Plate",
     "scan": 3,
     "bounding_box": 1.2,
     "transformation": [
          [
               [
                    0.7071067811865476,
                    0.0,
                    -0.7071067811865476,
                    0.0009841950958133965
               ],
               [
                    -0.5357787358160309,
                    0.6525965771399294,
                    -0.5357787358160309,
                    0.05044393269273842
               ],
               [
                    0.4614554650747739,
                    0.7577055546221423,
                    0.4614554650747739,
                    -0.26297973270497865
               ],
               [
                    0.0,
                    0.0,
                    0.0,
                    1.0
               ]
          ],
          [
               [
                    -0.7071067811865476,
                    8.659560562354934e-17,
                    -0.7071067811865476,
                    0.0009841950958133965
               ],
               [
                    0.5357787358160307,
                    -0.6525965771399295,
                    -0.5357787358160309,
                    0.05044393269273842
               ],
               [
                    -0.46145546507477403,
                    -0.7577055546221422,
                    0.4614554650747739,
                    -0.26297973270497865
               ],
               [
                    0.0,
                    0.0,
                    0.0,
                    1.0
               ]
          ]
     ],
     "scale": 100,
     "sampling_density": 2,
     "frame": "template to source"
}