{
     "name": "Base-Top_Plate",
     "scan": 5,
     "bounding_box": 1.2,
     "transformation": [
          [
               [
                    0.03489949670250108,
                    0.0,
                    -0.9993908270190958,
                    0.010233122736521258
               ],
               [
                    -0.7463833257887594,
                    0.6650057024483478,
                    -0.026064280072353396,
                    -0.026767272092884487
               ],
               [
                    0.664600598942269,
                    0.7468382794897296,
                    0.023208364319740528,
                    -0.3512582180557247
               ],
               [
                    0.0,
                    0.0,
                    0.0,
                    1.0
               ]
          ],
          [
               [
                    -0.03489949670250108,
                    4.273955692857156e-18,
                    -0.9993908270190958,
                    0.010233122736521258
               ],
               [
                    0.7463833257887593,
                    -0.6650057024483479,
                    -0.026064280072353396,
                    -0.026767272092884487
               ],
               [
                    -0.6646005989422691,
                    -0.7468382794897295,
                    0.023208364319740528,
                    -0.3512582180557247
               ],
               [
                    0.0,
                    0.0,
                    0.0,
                    1.0
               ]
          ]
     ],
     "scale": 100,
     "sampling_density": 2,
     "frame": "template to source"
}