{
     "name": "Range_Hood",
     "scan": 2,
     "bounding_box": 1.2,
     "transformation": [
          [
               [
                    6.123233995736766e-17,
                    -1.0,
                    0.0,
                    -0.0053926274591718035
               ],
               [
                    0.8022268069142543,
                    4.9122224563887164e-17,
                    0.5970193885194682,
                    0.028660398506874414
               ],
               [
                    -0.5970193885194682,
                    -3.655689415896384e-17,
                    0.8022268069142543,
                    -0.21822403654819128
               ],
               [
                    0.0,
                    0.0,
                    0.0,
                    1.0
               ]
          ]
     ],
     "scale": 1000,
     "sampling_density": 2,
     "frame": "template to source"
}