{
     "name": "Range_Hood",
     "scan": 3,
     "bounding_box": 1.2,
     "transformation": [
          [
               [
                    0.7071067811865476,
                    -0.7071067811865476,
                    0.0,
                    -0.01334216930596405
               ],
               [
                    0.5671670655174332,
                    0.5671670655174332,
                    0.5971959808845729,
                    0.04089669984511049
               ],
               [
                    -0.4222813277808334,
                    -0.4222813277808334,
                    0.8020953561861038,
                    -0.22942325351755602
               ],
               [
                    0.0,
                    0.0,
                    0.0,
                    1.0
               ]
          ]
     ],
     "scale": 1000,
     "sampling_density": 2,
     "frame": "template to source"
}