{
     "name": "Range_Hood",
     "scan": 4,
     "bounding_box": 1.2,
     "transformation": [
          [
               [
                    -1.0,
                    1.2246467991473532e-16,
                    0.0,
                    0.005404606626985277
               ],
               [
                    -7.309417601025238e-17,
                    -0.5968592418740113,
                    -0.8023459636525758,
                    0.037645191473096785
               ],
               [
                    -9.825904161959256e-17,
                    -0.8023459636525758,
                    0.5968592418740113,
                    -0.23615732788370472
               ],
               [
                    0.0,
                    0.0,
                    0.0,
                    1.0
               ]
          ]
     ],
     "scale": 1000,
     "sampling_density": 2,
     "frame": "template to source"
}