{
     "name": "Separator",
     "scan": 6,
     "bounding_box": 1.2,
     "transformation": [
          [
               [
                    6.123233995736766e-17,
                    0.0,
                    1.0,
                    -0.004362120986910416
               ],
               [
                    0.7466517254983684,
                    0.6652151537738065,
                    -4.571923228547126e-17,
                    -0.05812823422318594
               ],
               [
                    -0.6652151537738065,
                    0.7466517254983684,
                    4.073268044067032e-17,
                    -0.3186864143041083
               ],
               [
                    0.0,
                    0.0,
                    0.0,
                    1.0
               ]
          ],
          [
               [
                    6.123233995736766e-17,
                    1.2246467991473532e-16,
                    -1.0,
                    -0.004362120986910416
               ],
               [
                    0.7466517254983684,
                    -0.6652151537738065,
                    -3.574612859586938e-17,
                    -0.05812823422318594
               ],
               [
                    -0.6652151537738065,
                    -0.7466517254983684,
                    -1.3217114501161285e-16,
                    -0.3186864143041083
               ],
               [
                    0.0,
                    0.0,
                    0.0,
                    1.0
               ]
          ]
     ],
     "scale": 100,
     "sampling_density": 2,
     "frame": "template to source"
}