{
     "name": "Base-Top_Plate",
     "scan": 1,
     "bounding_box": 1.8,
     "transformation": [
          [
               [
                    6.123233995736766e-17,
                    0.0,
                    1.0,
                    -0.02164554905436228
               ],
               [
                    0.7577055546221423,
                    0.6525965771399294,
                    -4.639608410820883e-17,
                    0.037240546855042564
               ],
               [
                    -0.6525965771399294,
                    0.7577055546221423,
                    3.9960015466446665e-17,
                    -0.25018250032524897
               ],
               [
                    0.0,
                    0.0,
                    0.0,
                    1.0
               ]
          ],
          [
               [
                    -6.123233995736766e-17,
                    7.498798913309288e-33,
                    1.0,
                    -0.02164554905436228
               ],
               [
                    -0.7577055546221424,
                    -0.6525965771399292,
                    -4.639608410820883e-17,
                    0.037240546855042564
               ],
               [
                    0.6525965771399292,
                    -0.7577055546221424,
                    3.9960015466446665e-17,
                    -0.25018250032524897
               ],
               [
                    0.0,
                    0.0,
                    0.0,
                    1.0
               ]
          ]
     ],
     "scale": 100,
     "sampling_density": 2,
     "frame": "template to source"
}