{
     "name": "Pendulum",
     "scan": 3,
     "bounding_box": 1.8,
     "transformation": [
          [
               [
                    -0.7313537016191705,
                    0.0,
                    0.6819983600624985,
                    -0.02049013474700826
               ],
               [
                    0.5169417770919874,
                    0.6522766684808452,
                    0.5543521866580015,
                    0.024514939832386007
               ],
               [
                    -0.4448516182109664,
                    0.7579809679375398,
                    -0.4770449559732866,
                    -0.24040322796916694
               ],
               [
                    0.0,
                    0.0,
                    0.0,
                    1.0
               ]
          ],
          [
               [
                    -0.7313537016191705,
                    8.352071086742828e-17,
                    -0.6819983600624985,
                    -0.02049013474700826
               ],
               [
                    0.5169417770919874,
                    -0.6522766684808451,
                    -0.5543521866580016,
                    0.024514939832386007
               ],
               [
                    -0.4448516182109664,
                    -0.7579809679375399,
                    0.4770449559732865,
                    -0.24040322796916694
               ],
               [
                    0.0,
                    0.0,
                    0.0,
                    1.0
               ]
          ]
     ],
     "scale": 100,
     "sampling_density": 2,
     "frame": "template to source"
}