{
     "name": "Range_Hood",
     "scan": 6,
     "bounding_box": 1.8,
     "transformation": [
          [
               [
                    -1.0,
                    1.2246467991473532e-16,
                    0.0,
                    0.006324872771528041
               ],
               [
                    -9.825467870310808e-17,
                    -0.8023103377358828,
                    0.5969071300982537,
                    0.01675040769409252
               ],
               [
                    7.310004062630591e-17,
                    0.5969071300982537,
                    0.8023103377358828,
                    -0.21408701626052606
               ],
               [
                    0.0,
                    0.0,
                    0.0,
                    1.0
               ]
          ]
     ],
     "scale": 1000,
     "sampling_density": 2,
     "frame": "template to source"
}