{
     "name": "Separator",
     "scan": 8,
     "bounding_box": 1.8,
     "transformation": [
          [
               [
                    6.123233995736766e-17,
                    0.0,
                    -1.0,
                    0.00043818745081789824
               ],
               [
                    -0.6652151537738067,
                    -0.7466517254983683,
                    -4.073268044067034e-17,
                    -0.05431915211734924
               ],
               [
                    -0.7466517254983683,
                    0.6652151537738067,
                    -4.571923228547125e-17,
                    -0.3082824733373982
               ],
               [
                    0.0,
                    0.0,
                    0.0,
                    1.0
               ]
          ],
          [
               [
                    6.123233995736766e-17,
                    -1.2246467991473532e-16,
                    1.0,
                    0.00043818745081789824
               ],
               [
                    -0.6652151537738067,
                    0.7466517254983683,
                    1.3217114501161285e-16,
                    -0.05431915211734924
               ],
               [
                    -0.7466517254983683,
                    -0.6652151537738067,
                    -3.5746128595869425e-17,
                    -0.3082824733373982
               ],
               [
                    0.0,
                    0.0,
                    0.0,
                    1.0
               ]
          ]
     ],
     "scale": 100,
     "sampling_density": 2,
     "frame": "template to source"
}