{
     "name": "Separator",
     "scan": 2,
     "bounding_box": 1.8,
     "transformation": [
          [
               [
                    -0.03489949670250073,
                    0.0,
                    0.9993908270190958,
                    -0.005203764930853587
               ],
               [
                    0.7569691072465401,
                    0.6529157811651485,
                    0.02643394370653031,
                    0.015919549042757584
               ],
               [
                    -0.6525180425124567,
                    0.7574305134502464,
                    -0.02278643215178379,
                    -0.2350046620544644
               ],
               [
                    0.0,
                    0.0,
                    0.0,
                    1.0
               ]
          ],
          [
               [
                    -0.03489949670250073,
                    1.2239007774061617e-16,
                    -0.9993908270190958,
                    -0.005203764930853587
               ],
               [
                    0.7569691072465401,
                    -0.6529157811651485,
                    -0.02643394370653039,
                    0.015919549042757584
               ],
               [
                    -0.6525180425124567,
                    -0.7574305134502464,
                    0.022786432151783696,
                    -0.2350046620544644
               ],
               [
                    0.0,
                    0.0,
                    0.0,
                    1.0
               ]
          ]
     ],
     "scale": 100,
     "sampling_density": 2,
     "frame": "template to source"
}