{
     "name": "Base-Top_Plate",
     "scan": 3,
     "bounding_box": 0,
     "transformation": [
          [
               [
                    0.7071067811865476,
                    0.0,
                    -0.7071067811865476,
                    0.00019415462979747812
               ],
               [
                    -0.5357787358160309,
                    0.6525965771399294,
                    -0.5357787358160309,
                    0.05008465877565937
               ],
               [
                    0.4614554650747739,
                    0.7577055546221423,
                    0.4614554650747739,
                    -0.2613572746756076
               ],
               [
                    0.0,
                    0.0,
                    0.0,
                    1.0
               ]
          ],
          [
               [
                    -0.7071067811865476,
                    8.659560562354934e-17,
                    -0.7071067811865476,
                    0.00019415462979747812
               ],
               [
                    0.5357787358160307,
                    -0.6525965771399295,
                    -0.5357787358160309,
                    0.05008465877565937
               ],
               [
                    -0.46145546507477403,
                    -0.7577055546221422,
                    0.4614554650747739,
                    -0.2613572746756076
               ],
               [
                    0.0,
                    0.0,
                    0.0,
                    1.0
               ]
          ]
     ],
     "scale": 100,
     "sampling_density": 2,
     "frame": "template to source"
}