{
     "name": "Bookshelf",
     "scan": 7,
     "bounding_box": 0,
     "transformation": [
          [
               [
                    0.7071067811865476,
                    0.0,
                    0.7071067811865476,
                    0.008631707554177009
               ],
               [
                    0.5815290762269888,
                    0.5689005774343792,
                    -0.5815290762269888,
                    0.03213688198254125
               ],
               [
                    -0.4022734561247921,
                    0.822406306514505,
                    0.4022734561247921,
                    -0.21926542803449972
               ],
               [
                    0.0,
                    0.0,
                    0.0,
                    1.0
               ]
          ]
     ],
     "scale": 1000,
     "sampling_density": 2,
     "frame": "template to source"
}