{
     "name": "Bookshelf",
     "scan": 4,
     "bounding_box": 0,
     "transformation": [
          [
               [
                    6.123233995736766e-17,
                    0.0,
                    1.0,
                    -0.002787443476380143
               ],
               [
                    -0.5690848909967133,
                    0.8222787768386455,
                    3.484639951011227e-17,
                    0.04518732270183061
               ],
               [
                    -0.8222787768386455,
                    -0.5690848909967133,
                    5.0350053603112396e-17,
                    -0.20420070884367036
               ],
               [
                    0.0,
                    0.0,
                    0.0,
                    1.0
               ]
          ]
     ],
     "scale": 1000,
     "sampling_density": 2,
     "frame": "template to source"
}