{
     "name": "Bookshelf",
     "scan": 2,
     "bounding_box": 0,
     "transformation": [
          [
               [
                    1.0,
                    0.0,
                    0.0,
                    0.0010553779494431284
               ],
               [
                    0.0,
                    -0.5687209207838636,
                    0.8225305552152785,
                    0.016603535713834897
               ],
               [
                    0.0,
                    -0.8225305552152785,
                    -0.5687209207838636,
                    -0.2145936823475899
               ],
               [
                    0.0,
                    0.0,
                    0.0,
                    1.0
               ]
          ]
     ],
     "scale": 1000,
     "sampling_density": 2,
     "frame": "template to source"
}