{
     "name": "Bookshelf",
     "scan": 3,
     "bounding_box": 0,
     "transformation": [
          [
               [
                    6.123233995736766e-17,
                    0.0,
                    1.0,
                    -0.000765033593323453
               ],
               [
                    -0.8221994408289133,
                    -0.5691995076426387,
                    5.034519567359361e-17,
                    0.0021058287459554395
               ],
               [
                    0.5691995076426387,
                    -0.8221994408289133,
                    -3.4853417755540344e-17,
                    -0.2109561932431923
               ],
               [
                    0.0,
                    0.0,
                    0.0,
                    1.0
               ]
          ]
     ],
     "scale": 1000,
     "sampling_density": 2,
     "frame": "template to source"
}