{
     "name": "Guitar",
     "scan": 4,
     "bounding_box": 0,
     "transformation": [
          [
               [
                    0.9510565162951535,
                    0.3090169943749474,
                    0.0,
                    0.006753513503290296
               ],
               [
                    0.24813766028766424,
                    -0.76368919202053,
                    -0.5959920465392082,
                    0.009508094410357373
               ],
               [
                    -0.1841716708929199,
                    0.5668221195211984,
                    -0.8029903364686316,
                    -0.2273873720084945
               ],
               [
                    0.0,
                    0.0,
                    0.0,
                    1.0
               ]
          ]
     ],
     "scale": 1000,
     "sampling_density": 2,
     "frame": "template to source"
}