{
     "name": "Guitar",
     "scan": 1,
     "bounding_box": 0,
     "transformation": [
          [
               [
                    0.5735764363510458,
                    0.819152044288992,
                    -7.024285468436539e-17,
                    0.013250497724264516
               ],
               [
                    -0.6576345472561613,
                    0.46048066737589355,
                    0.5962167032449153,
                    0.01814975815969941
               ],
               [
                    0.4883921313023157,
                    -0.3419758519401875,
                    0.8028235439819665,
                    -0.23414246019131554
               ],
               [
                    0.0,
                    0.0,
                    0.0,
                    1.0
               ]
          ]
     ],
     "scale": 1000,
     "sampling_density": 2,
     "frame": "template to source"
}