{
     "name": "Guitar",
     "scan": 2,
     "bounding_box": 0,
     "transformation": [
          [
               [
                    0.5299192642332049,
                    0.8480480961564261,
                    0.0,
                    0.008985646913618674
               ],
               [
                    0.6808330287186369,
                    -0.42543169341387915,
                    -0.5962166227511666,
                    0.007997769212857605
               ],
               [
                    -0.505620371820941,
                    0.3159466740519045,
                    -0.8028236037606226,
                    -0.22739373927276454
               ],
               [
                    0.0,
                    0.0,
                    0.0,
                    1.0
               ]
          ]
     ],
     "scale": 1000,
     "sampling_density": 2,
     "frame": "template to source"
}