{
     "name": "Pendulum",
     "scan": 4,
     "bounding_box": 0,
     "transformation": [
          [
               [
                    -1.0,
                    0.0,
                    1.2246467991473532e-16,
                    -0.0019583126181911643
               ],
               [
                    9.14730668526926e-17,
                    0.6648978789791491,
                    0.7469342745710822,
                    -0.05973172865632465
               ],
               [
                    -8.142650592516792e-17,
                    0.7469342745710822,
                    -0.6648978789791491,
                    -0.321647847232575
               ],
               [
                    0.0,
                    0.0,
                    0.0,
                    1.0
               ]
          ],
          [
               [
                    -1.0,
                    1.4997597826618576e-32,
                    -1.2246467991473532e-16,
                    -0.0019583126181911643
               ],
               [
                    9.14730668526926e-17,
                    -0.664897878979149,
                    -0.7469342745710823,
                    -0.05973172865632465
               ],
               [
                    -8.142650592516792e-17,
                    -0.7469342745710823,
                    0.664897878979149,
                    -0.321647847232575
               ],
               [
                    0.0,
                    0.0,
                    0.0,
                    1.0
               ]
          ]
     ],
     "scale": 100,
     "sampling_density": 2,
     "frame": "template to source"
}