{
     "name": "Pendulum",
     "scan": 3,
     "bounding_box": 0,
     "transformation": [
          [
               [
                    -0.7313537016191705,
                    0.0,
                    0.6819983600624985,
                    -0.015867365020755177
               ],
               [
                    0.5169417770919874,
                    0.6522766684808452,
                    0.5543521866580015,
                    0.02208405410122727
               ],
               [
                    -0.4448516182109664,
                    0.7579809679375398,
                    -0.4770449559732866,
                    -0.2381896592759964
               ],
               [
                    0.0,
                    0.0,
                    0.0,
                    1.0
               ]
          ],
          [
               [
                    -0.7313537016191705,
                    8.352071086742828e-17,
                    -0.6819983600624985,
                    -0.015867365020755177
               ],
               [
                    0.5169417770919874,
                    -0.6522766684808451,
                    -0.5543521866580016,
                    0.02208405410122727
               ],
               [
                    -0.4448516182109664,
                    -0.7579809679375399,
                    0.4770449559732865,
                    -0.2381896592759964
               ],
               [
                    0.0,
                    0.0,
                    0.0,
                    1.0
               ]
          ]
     ],
     "scale": 100,
     "sampling_density": 2,
     "frame": "template to source"
}