{
     "name": "Pendulum",
     "scan": 2,
     "bounding_box": 0,
     "transformation": [
          [
               [
                    6.123233995736766e-17,
                    0.0,
                    -1.0,
                    -0.008197330266335989
               ],
               [
                    -0.7577603980987433,
                    0.6525328950123772,
                    -4.63994423026125e-17,
                    0.04162643639652003
               ],
               [
                    0.6525328950123772,
                    0.7577603980987433,
                    3.995611606076318e-17,
                    -0.2554223313019688
               ],
               [
                    0.0,
                    0.0,
                    0.0,
                    1.0
               ]
          ],
          [
               [
                    6.123233995736766e-17,
                    -1.2246467991473532e-16,
                    1.0,
                    -0.008197330266335989
               ],
               [
                    -0.7577603980987433,
                    -0.6525328950123772,
                    -3.351278981891386e-17,
                    0.04162643639652003
               ],
               [
                    0.6525328950123772,
                    -0.7577603980987433,
                    -1.3275500066598818e-16,
                    -0.2554223313019688
               ],
               [
                    0.0,
                    0.0,
                    0.0,
                    1.0
               ]
          ]
     ],
     "scale": 100,
     "sampling_density": 2,
     "frame": "template to source"
}