{
     "name": "Round-Peg",
     "scan": 3,
     "bounding_box": 0,
     "transformation": [
          [
               [
                    1.0,
                    0.0,
                    0.0,
                    -0.0031793806583258755
               ],
               [
                    0.0,
                    0.7570292676368884,
                    0.6533809669260013,
                    0.010490236388649911
               ],
               [
                    0.0,
                    -0.6533809669260013,
                    0.7570292676368884,
                    -0.22592855820871272
               ],
               [
                    0.0,
                    0.0,
                    0.0,
                    1.0
               ]
          ],
          [
               [
                    6.123233995736766e-17,
                    0.0,
                    1.0,
                    -0.0031793806583258755
               ],
               [
                    -0.6533809669260013,
                    0.7570292676368884,
                    4.000804548848651e-17,
                    0.010490236388649911
               ],
               [
                    -0.7570292676368884,
                    -0.6533809669260013,
                    4.635467347361902e-17,
                    -0.22592855820871272
               ],
               [
                    0.0,
                    0.0,
                    0.0,
                    1.0
               ]
          ],
          [
               [
                    6.123233995736766e-17,
                    0.0,
                    -1.0,
                    -0.0031793806583258755
               ],
               [
                    0.6533809669260013,
                    0.7570292676368884,
                    4.000804548848651e-17,
                    0.010490236388649911
               ],
               [
                    0.7570292676368884,
                    -0.6533809669260013,
                    4.635467347361902e-17,
                    -0.22592855820871272
               ],
               [
                    0.0,
                    0.0,
                    0.0,
                    1.0
               ]
          ],
          [
               [
                    -1.0,
                    0.0,
                    1.2246467991473532e-16,
                    -0.0031793806583258755
               ],
               [
                    -8.001609097697301e-17,
                    0.7570292676368884,
                    -0.6533809669260013,
                    0.010490236388649911
               ],
               [
                    -9.270934694723804e-17,
                    -0.6533809669260013,
                    -0.7570292676368884,
                    -0.22592855820871272
               ],
               [
                    0.0,
                    0.0,
                    0.0,
                    1.0
               ]
          ],
          [
               [
                    1.0,
                    0.0,
                    0.0,
                    -0.0031793806583258755
               ],
               [
                    0.0,
                    -0.7570292676368883,
                    -0.6533809669260014,
                    0.010490236388649911
               ],
               [
                    0.0,
                    0.6533809669260014,
                    -0.7570292676368883,
                    -0.22592855820871272
               ],
               [
                    0.0,
                    0.0,
                    0.0,
                    1.0
               ]
          ],
          [
               [
                    6.123233995736766e-17,
                    0.0,
                    1.0,
                    -0.0031793806583258755
               ],
               [
                    0.6533809669260014,
                    -0.7570292676368883,
                    -4.0008045488486514e-17,
                    0.010490236388649911
               ],
               [
                    0.7570292676368883,
                    0.6533809669260014,
                    -4.6354673473619014e-17,
                    -0.22592855820871272
               ],
               [
                    0.0,
                    0.0,
                    0.0,
                    1.0
               ]
          ],
          [
               [
                    6.123233995736766e-17,
                    0.0,
                    -1.0,
                    -0.0031793806583258755
               ],
               [
                    -0.6533809669260014,
                    -0.7570292676368883,
                    -4.0008045488486514e-17,
                    0.010490236388649911
               ],
               [
                    -0.7570292676368883,
                    0.6533809669260014,
                    -4.6354673473619014e-17,
                    -0.22592855820871272
               ],
               [
                    0.0,
                    0.0,
                    0.0,
                    1.0
               ]
          ],
          [
               [
                    -1.0,
                    0.0,
                    1.2246467991473532e-16,
                    -0.0031793806583258755
               ],
               [
                    8.001609097697303e-17,
                    -0.7570292676368883,
                    0.6533809669260014,
                    0.010490236388649911
               ],
               [
                    9.270934694723803e-17,
                    0.6533809669260014,
                    0.7570292676368883,
                    -0.22592855820871272
               ],
               [
                    0.0,
                    0.0,
                    0.0,
                    1.0
               ]
          ]
     ],
     "scale": 100,
     "sampling_density": 2,
     "frame": "template to source"
}