{
     "name": "Round-Peg",
     "scan": 1,
     "bounding_box": 0,
     "transformation": [
          [
               [
                    1.0,
                    0.0,
                    0.0,
                    -0.0012970098688558566
               ],
               [
                    0.0,
                    0.6537082988795317,
                    -0.756746628651908,
                    0.021223846141626042
               ],
               [
                    0.0,
                    0.756746628651908,
                    0.6537082988795317,
                    -0.21404782307842757
               ],
               [
                    0.0,
                    0.0,
                    0.0,
                    1.0
               ]
          ],
          [
               [
                    6.123233995736766e-17,
                    0.0,
                    1.0,
                    -0.0012970098688558566
               ],
               [
                    0.756746628651908,
                    0.6537082988795317,
                    -4.633736682720549e-17,
                    0.021223846141626042
               ],
               [
                    -0.6537082988795317,
                    0.756746628651908,
                    4.002808878994399e-17,
                    -0.21404782307842757
               ],
               [
                    0.0,
                    0.0,
                    0.0,
                    1.0
               ]
          ],
          [
               [
                    6.123233995736766e-17,
                    0.0,
                    -1.0,
                    -0.0012970098688558566
               ],
               [
                    -0.756746628651908,
                    0.6537082988795317,
                    -4.633736682720549e-17,
                    0.021223846141626042
               ],
               [
                    0.6537082988795317,
                    0.756746628651908,
                    4.002808878994399e-17,
                    -0.21404782307842757
               ],
               [
                    0.0,
                    0.0,
                    0.0,
                    1.0
               ]
          ],
          [
               [
                    -1.0,
                    0.0,
                    1.2246467991473532e-16,
                    -0.0012970098688558566
               ],
               [
                    9.267473365441098e-17,
                    0.6537082988795317,
                    0.756746628651908,
                    0.021223846141626042
               ],
               [
                    -8.005617757988798e-17,
                    0.756746628651908,
                    -0.6537082988795317,
                    -0.21404782307842757
               ],
               [
                    0.0,
                    0.0,
                    0.0,
                    1.0
               ]
          ],
          [
               [
                    1.0,
                    0.0,
                    0.0,
                    -0.0012970098688558566
               ],
               [
                    0.0,
                    -0.6537082988795319,
                    0.7567466286519079,
                    0.021223846141626042
               ],
               [
                    0.0,
                    -0.7567466286519079,
                    -0.6537082988795319,
                    -0.21404782307842757
               ],
               [
                    0.0,
                    0.0,
                    0.0,
                    1.0
               ]
          ],
          [
               [
                    6.123233995736766e-17,
                    0.0,
                    1.0,
                    -0.0012970098688558566
               ],
               [
                    -0.7567466286519079,
                    -0.6537082988795319,
                    4.6337366827205486e-17,
                    0.021223846141626042
               ],
               [
                    0.6537082988795319,
                    -0.7567466286519079,
                    -4.0028088789943996e-17,
                    -0.21404782307842757
               ],
               [
                    0.0,
                    0.0,
                    0.0,
                    1.0
               ]
          ],
          [
               [
                    6.123233995736766e-17,
                    0.0,
                    -1.0,
                    -0.0012970098688558566
               ],
               [
                    0.7567466286519079,
                    -0.6537082988795319,
                    4.6337366827205486e-17,
                    0.021223846141626042
               ],
               [
                    -0.6537082988795319,
                    -0.7567466286519079,
                    -4.0028088789943996e-17,
                    -0.21404782307842757
               ],
               [
                    0.0,
                    0.0,
                    0.0,
                    1.0
               ]
          ],
          [
               [
                    -1.0,
                    0.0,
                    1.2246467991473532e-16,
                    -0.0012970098688558566
               ],
               [
                    -9.267473365441097e-17,
                    -0.6537082988795319,
                    -0.7567466286519079,
                    0.021223846141626042
               ],
               [
                    8.005617757988799e-17,
                    -0.7567466286519079,
                    0.6537082988795319,
                    -0.21404782307842757
               ],
               [
                    0.0,
                    0.0,
                    0.0,
                    1.0
               ]
          ]
     ],
     "scale": 100,
     "sampling_density": 2,
     "frame": "template to source"
}