{
     "name": "Separator",
     "scan": 5,
     "bounding_box": 0,
     "transformation": [
          [
               [
                    6.123233995736766e-17,
                    0.0,
                    1.0,
                    -0.005127728006804619
               ],
               [
                    0.6529157811651484,
                    -0.7574305134502465,
                    -3.9979561075834633e-17,
                    0.006462084991347285
               ],
               [
                    0.7574305134502465,
                    0.6529157811651484,
                    -4.6379242693669034e-17,
                    -0.1974142273573125
               ],
               [
                    0.0,
                    0.0,
                    0.0,
                    1.0
               ]
          ],
          [
               [
                    6.123233995736766e-17,
                    1.2246467991473532e-16,
                    -1.0,
                    -0.005127728006804619
               ],
               [
                    0.6529157811651484,
                    0.7574305134502465,
                    1.327380464631727e-16,
                    0.006462084991347285
               ],
               [
                    0.7574305134502465,
                    -0.6529157811651484,
                    -3.357987945800023e-17,
                    -0.1974142273573125
               ],
               [
                    0.0,
                    0.0,
                    0.0,
                    1.0
               ]
          ]
     ],
     "scale": 100,
     "sampling_density": 2,
     "frame": "template to source"
}