{
     "name": "Separator",
     "scan": 1,
     "bounding_box": 0,
     "transformation": [
          [
               [
                    6.123233995736766e-17,
                    0.0,
                    -1.0,
                    -0.0061105069757651466
               ],
               [
                    -0.6529152065722438,
                    -0.7574310087570513,
                    -3.9979525892166565e-17,
                    0.026107597224885093
               ],
               [
                    -0.7574310087570513,
                    0.6529152065722438,
                    -4.6379273022463684e-17,
                    -0.2224488215052082
               ],
               [
                    0.0,
                    0.0,
                    0.0,
                    1.0
               ]
          ],
          [
               [
                    6.123233995736766e-17,
                    -1.2246467991473532e-16,
                    1.0,
                    -0.0061105069757651466
               ],
               [
                    -0.6529152065722438,
                    0.7574310087570513,
                    1.3273807193709392e-16,
                    0.026107597224885093
               ],
               [
                    -0.7574310087570513,
                    -0.6529152065722438,
                    -3.3579778761869446e-17,
                    -0.2224488215052082
               ],
               [
                    0.0,
                    0.0,
                    0.0,
                    1.0
               ]
          ]
     ],
     "scale": 100,
     "sampling_density": 2,
     "frame": "template to source"
}