{
     "name": "Separator",
     "scan": 7,
     "bounding_box": 0,
     "transformation": [
          [
               [
                    -1.0,
                    0.0,
                    1.2246467991473532e-16,
                    -0.005849514408566465
               ],
               [
                    9.143846457094252e-17,
                    0.6652151537738065,
                    0.7466517254983684,
                    -0.035482420594408474
               ],
               [
                    -8.146536088134064e-17,
                    0.7466517254983684,
                    -0.6652151537738065,
                    -0.34182459019506234
               ],
               [
                    0.0,
                    0.0,
                    0.0,
                    1.0
               ]
          ],
          [
               [
                    -1.0,
                    1.4997597826618576e-32,
                    -1.2246467991473532e-16,
                    -0.005849514408566465
               ],
               [
                    9.143846457094252e-17,
                    -0.6652151537738064,
                    -0.7466517254983686,
                    -0.035482420594408474
               ],
               [
                    -8.146536088134064e-17,
                    -0.7466517254983686,
                    0.6652151537738064,
                    -0.34182459019506234
               ],
               [
                    0.0,
                    0.0,
                    0.0,
                    1.0
               ]
          ]
     ],
     "scale": 100,
     "sampling_density": 2,
     "frame": "template to source"
}