{
     "name": "Shaft-New",
     "scan": 3,
     "bounding_box": 0,
     "transformation": [
          [
               [
                    1.0,
                    0.0,
                    0.0,
                    -0.007604367935550004
               ],
               [
                    0.0,
                    -0.7578537673596794,
                    -0.6524244533267748,
                    0.01864349542209533
               ],
               [
                    0.0,
                    0.6524244533267748,
                    -0.7578537673596794,
                    -0.22151751835190917
               ],
               [
                    0.0,
                    0.0,
                    0.0,
                    1.0
               ]
          ],
          [
               [
                    6.123233995736766e-17,
                    0.0,
                    1.0,
                    -0.007604367935550004
               ],
               [
                    0.6524244533267748,
                    -0.7578537673596794,
                    -3.9949475922604824e-17,
                    0.01864349542209533
               ],
               [
                    0.7578537673596794,
                    0.6524244533267748,
                    -4.6405159520939706e-17,
                    -0.22151751835190917
               ],
               [
                    0.0,
                    0.0,
                    0.0,
                    1.0
               ]
          ],
          [
               [
                    6.123233995736766e-17,
                    0.0,
                    -1.0,
                    -0.007604367935550004
               ],
               [
                    -0.6524244533267748,
                    -0.7578537673596794,
                    -3.9949475922604824e-17,
                    0.01864349542209533
               ],
               [
                    -0.7578537673596794,
                    0.6524244533267748,
                    -4.6405159520939706e-17,
                    -0.22151751835190917
               ],
               [
                    0.0,
                    0.0,
                    0.0,
                    1.0
               ]
          ],
          [
               [
                    -1.0,
                    0.0,
                    1.2246467991473532e-16,
                    -0.007604367935550004
               ],
               [
                    7.989895184520965e-17,
                    -0.7578537673596794,
                    0.6524244533267748,
                    0.01864349542209533
               ],
               [
                    9.281031904187941e-17,
                    0.6524244533267748,
                    0.7578537673596794,
                    -0.22151751835190917
               ],
               [
                    0.0,
                    0.0,
                    0.0,
                    1.0
               ]
          ],
          [
               [
                    1.0,
                    0.0,
                    0.0,
                    -0.007604367935550004
               ],
               [
                    0.0,
                    0.7578537673596792,
                    0.6524244533267749,
                    0.01864349542209533
               ],
               [
                    0.0,
                    -0.6524244533267749,
                    0.7578537673596792,
                    -0.22151751835190917
               ],
               [
                    0.0,
                    0.0,
                    0.0,
                    1.0
               ]
          ],
          [
               [
                    6.123233995736766e-17,
                    0.0,
                    1.0,
                    -0.007604367935550004
               ],
               [
                    -0.6524244533267749,
                    0.7578537673596792,
                    3.994947592260483e-17,
                    0.01864349542209533
               ],
               [
                    -0.7578537673596792,
                    -0.6524244533267749,
                    4.6405159520939706e-17,
                    -0.22151751835190917
               ],
               [
                    0.0,
                    0.0,
                    0.0,
                    1.0
               ]
          ],
          [
               [
                    6.123233995736766e-17,
                    0.0,
                    -1.0,
                    -0.007604367935550004
               ],
               [
                    0.6524244533267749,
                    0.7578537673596792,
                    3.994947592260483e-17,
                    0.01864349542209533
               ],
               [
                    0.7578537673596792,
                    -0.6524244533267749,
                    4.6405159520939706e-17,
                    -0.22151751835190917
               ],
               [
                    0.0,
                    0.0,
                    0.0,
                    1.0
               ]
          ],
          [
               [
                    -1.0,
                    0.0,
                    1.2246467991473532e-16,
                    -0.007604367935550004
               ],
               [
                    -7.989895184520966e-17,
                    0.7578537673596792,
                    -0.6524244533267749,
                    0.01864349542209533
               ],
               [
                    -9.281031904187941e-17,
                    -0.6524244533267749,
                    -0.7578537673596792,
                    -0.22151751835190917
               ],
               [
                    0.0,
                    0.0,
                    0.0,
                    1.0
               ]
          ]
     ],
     "scale": 100,
     "sampling_density": 2,
     "frame": "template to source"
}