{
     "name": "Shaft-New",
     "scan": 2,
     "bounding_box": 0,
     "transformation": [
          [
               [
                    0.6427876096865394,
                    0.0,
                    0.766044443118978,
                    -0.010326879496439564
               ],
               [
                    0.5805496671826652,
                    0.6524244533267747,
                    -0.4871390116130671,
                    0.02776747701917843
               ],
               [
                    -0.4997861270259128,
                    0.7578537673596796,
                    0.41937035485496466,
                    -0.21502202032604786
               ],
               [
                    0.0,
                    0.0,
                    0.0,
                    1.0
               ]
          ],
          [
               [
                    -0.766044443118978,
                    0.0,
                    0.6427876096865394,
                    -0.010326879496439564
               ],
               [
                    0.48713901161306716,
                    0.6524244533267747,
                    0.5805496671826652,
                    0.02776747701917843
               ],
               [
                    -0.4193703548549647,
                    0.7578537673596796,
                    -0.4997861270259128,
                    -0.21502202032604786
               ],
               [
                    0.0,
                    0.0,
                    0.0,
                    1.0
               ]
          ],
          [
               [
                    0.766044443118978,
                    0.0,
                    -0.6427876096865394,
                    -0.010326879496439564
               ],
               [
                    -0.48713901161306705,
                    0.6524244533267747,
                    -0.5805496671826652,
                    0.02776747701917843
               ],
               [
                    0.4193703548549646,
                    0.7578537673596796,
                    0.4997861270259128,
                    -0.21502202032604786
               ],
               [
                    0.0,
                    0.0,
                    0.0,
                    1.0
               ]
          ],
          [
               [
                    -0.6427876096865395,
                    0.0,
                    -0.7660444431189779,
                    -0.010326879496439564
               ],
               [
                    -0.5805496671826651,
                    0.6524244533267747,
                    0.48713901161306716,
                    0.02776747701917843
               ],
               [
                    0.49978612702591274,
                    0.7578537673596796,
                    -0.4193703548549647,
                    -0.21502202032604786
               ],
               [
                    0.0,
                    0.0,
                    0.0,
                    1.0
               ]
          ],
          [
               [
                    0.6427876096865394,
                    9.381338752702731e-17,
                    -0.766044443118978,
                    -0.010326879496439564
               ],
               [
                    0.5805496671826652,
                    -0.6524244533267748,
                    0.48713901161306705,
                    0.02776747701917843
               ],
               [
                    -0.4997861270259128,
                    -0.7578537673596796,
                    -0.41937035485496477,
                    -0.21502202032604786
               ],
               [
                    0.0,
                    0.0,
                    0.0,
                    1.0
               ]
          ],
          [
               [
                    0.766044443118978,
                    9.381338752702731e-17,
                    0.6427876096865394,
                    -0.010326879496439564
               ],
               [
                    -0.487139011613067,
                    -0.6524244533267748,
                    0.5805496671826652,
                    0.02776747701917843
               ],
               [
                    0.4193703548549647,
                    -0.7578537673596796,
                    -0.4997861270259128,
                    -0.21502202032604786
               ],
               [
                    0.0,
                    0.0,
                    0.0,
                    1.0
               ]
          ],
          [
               [
                    -0.766044443118978,
                    9.381338752702731e-17,
                    -0.6427876096865394,
                    -0.010326879496439564
               ],
               [
                    0.48713901161306705,
                    -0.6524244533267748,
                    -0.5805496671826652,
                    0.02776747701917843
               ],
               [
                    -0.41937035485496477,
                    -0.7578537673596796,
                    0.4997861270259128,
                    -0.21502202032604786
               ],
               [
                    0.0,
                    0.0,
                    0.0,
                    1.0
               ]
          ],
          [
               [
                    -0.6427876096865393,
                    9.381338752702731e-17,
                    0.7660444431189781,
                    -0.010326879496439564
               ],
               [
                    -0.5805496671826653,
                    -0.6524244533267748,
                    -0.48713901161306694,
                    0.02776747701917843
               ],
               [
                    0.49978612702591285,
                    -0.7578537673596796,
                    0.4193703548549647,
                    -0.21502202032604786
               ],
               [
                    0.0,
                    0.0,
                    0.0,
                    1.0
               ]
          ]
     ],
     "scale": 100,
     "sampling_density": 2,
     "frame": "template to source"
}