{
     "name": "Square-Peg",
     "scan": 3,
     "bounding_box": 0,
     "transformation": [
          [
               [
                    1.0,
                    0.0,
                    0.0,
                    -0.012096077153830473
               ],
               [
                    0.0,
                    -0.7578956434241757,
                    -0.6523758070917826,
                    0.018100240807184698
               ],
               [
                    0.0,
                    0.6523758070917826,
                    -0.7578956434241757,
                    -0.22671659332598673
               ],
               [
                    0.0,
                    0.0,
                    0.0,
                    1.0
               ]
          ],
          [
               [
                    6.123233995736766e-17,
                    0.0,
                    1.0,
                    -0.012096077153830473
               ],
               [
                    0.6523758070917826,
                    -0.7578956434241757,
                    -3.9946497199806134e-17,
                    0.018100240807184698
               ],
               [
                    0.7578956434241757,
                    0.6523758070917826,
                    -4.6407723690357027e-17,
                    -0.22671659332598673
               ],
               [
                    0.0,
                    0.0,
                    0.0,
                    1.0
               ]
          ],
          [
               [
                    6.123233995736766e-17,
                    0.0,
                    -1.0,
                    -0.012096077153830473
               ],
               [
                    -0.6523758070917826,
                    -0.7578956434241757,
                    -3.9946497199806134e-17,
                    0.018100240807184698
               ],
               [
                    -0.7578956434241757,
                    0.6523758070917826,
                    -4.6407723690357027e-17,
                    -0.22671659332598673
               ],
               [
                    0.0,
                    0.0,
                    0.0,
                    1.0
               ]
          ],
          [
               [
                    -1.0,
                    0.0,
                    1.2246467991473532e-16,
                    -0.012096077153830473
               ],
               [
                    7.989299439961227e-17,
                    -0.7578956434241757,
                    0.6523758070917826,
                    0.018100240807184698
               ],
               [
                    9.281544738071405e-17,
                    0.6523758070917826,
                    0.7578956434241757,
                    -0.22671659332598673
               ],
               [
                    0.0,
                    0.0,
                    0.0,
                    1.0
               ]
          ],
          [
               [
                    1.0,
                    0.0,
                    0.0,
                    -0.012096077153830473
               ],
               [
                    0.0,
                    0.7578956434241756,
                    0.6523758070917827,
                    0.018100240807184698
               ],
               [
                    0.0,
                    -0.6523758070917827,
                    0.7578956434241756,
                    -0.22671659332598673
               ],
               [
                    0.0,
                    0.0,
                    0.0,
                    1.0
               ]
          ],
          [
               [
                    6.123233995736766e-17,
                    0.0,
                    1.0,
                    -0.012096077153830473
               ],
               [
                    -0.6523758070917827,
                    0.7578956434241756,
                    3.994649719980614e-17,
                    0.018100240807184698
               ],
               [
                    -0.7578956434241756,
                    -0.6523758070917827,
                    4.640772369035702e-17,
                    -0.22671659332598673
               ],
               [
                    0.0,
                    0.0,
                    0.0,
                    1.0
               ]
          ],
          [
               [
                    6.123233995736766e-17,
                    0.0,
                    -1.0,
                    -0.012096077153830473
               ],
               [
                    0.6523758070917827,
                    0.7578956434241756,
                    3.994649719980614e-17,
                    0.018100240807184698
               ],
               [
                    0.7578956434241756,
                    -0.6523758070917827,
                    4.640772369035702e-17,
                    -0.22671659332598673
               ],
               [
                    0.0,
                    0.0,
                    0.0,
                    1.0
               ]
          ],
          [
               [
                    -1.0,
                    0.0,
                    1.2246467991473532e-16,
                    -0.012096077153830473
               ],
               [
                    -7.989299439961228e-17,
                    0.7578956434241756,
                    -0.6523758070917827,
                    0.018100240807184698
               ],
               [
                    -9.281544738071404e-17,
                    -0.6523758070917827,
                    -0.7578956434241756,
                    -0.22671659332598673
               ],
               [
                    0.0,
                    0.0,
                    0.0,
                    1.0
               ]
          ]
     ],
     "scale": 100,
     "sampling_density": 2,
     "frame": "template to source"
}