{
     "name": "Square-Peg",
     "scan": 2,
     "bounding_box": 0,
     "transformation": [
          [
               [
                    6.123233995736766e-17,
                    1.0,
                    0.0,
                    -0.007120814935408812
               ],
               [
                    -0.6523758070917827,
                    3.994649719980614e-17,
                    -0.7578956434241756,
                    0.018128888492278238
               ],
               [
                    -0.7578956434241756,
                    4.640772369035702e-17,
                    0.6523758070917827,
                    -0.22817274983275065
               ],
               [
                    0.0,
                    0.0,
                    0.0,
                    1.0
               ]
          ],
          [
               [
                    3.749399456654644e-33,
                    1.0,
                    6.123233995736766e-17,
                    -0.007120814935408812
               ],
               [
                    0.7578956434241756,
                    3.994649719980614e-17,
                    -0.6523758070917827,
                    0.018128888492278238
               ],
               [
                    -0.6523758070917827,
                    4.640772369035702e-17,
                    -0.7578956434241756,
                    -0.22817274983275065
               ],
               [
                    0.0,
                    0.0,
                    0.0,
                    1.0
               ]
          ],
          [
               [
                    3.749399456654644e-33,
                    1.0,
                    -6.123233995736766e-17,
                    -0.007120814935408812
               ],
               [
                    -0.7578956434241756,
                    3.994649719980614e-17,
                    0.6523758070917827,
                    0.018128888492278238
               ],
               [
                    0.6523758070917827,
                    4.640772369035702e-17,
                    0.7578956434241756,
                    -0.22817274983275065
               ],
               [
                    0.0,
                    0.0,
                    0.0,
                    1.0
               ]
          ],
          [
               [
                    -6.123233995736766e-17,
                    1.0,
                    7.498798913309288e-33,
                    -0.007120814935408812
               ],
               [
                    0.6523758070917828,
                    3.994649719980614e-17,
                    0.7578956434241755,
                    0.018128888492278238
               ],
               [
                    0.7578956434241755,
                    4.640772369035702e-17,
                    -0.6523758070917828,
                    -0.22817274983275065
               ],
               [
                    0.0,
                    0.0,
                    0.0,
                    1.0
               ]
          ],
          [
               [
                    6.123233995736766e-17,
                    -1.0,
                    -1.2246467991473532e-16,
                    -0.007120814935408812
               ],
               [
                    -0.6523758070917827,
                    -1.327619445805202e-16,
                    0.7578956434241756,
                    0.018128888492278238
               ],
               [
                    -0.7578956434241756,
                    3.348527070925526e-17,
                    -0.6523758070917827,
                    -0.22817274983275065
               ],
               [
                    0.0,
                    0.0,
                    0.0,
                    1.0
               ]
          ],
          [
               [
                    1.2246467991473532e-16,
                    -1.0,
                    6.123233995736765e-17,
                    -0.007120814935408812
               ],
               [
                    -0.7578956434241756,
                    -1.327619445805202e-16,
                    -0.6523758070917827,
                    0.018128888492278238
               ],
               [
                    0.6523758070917827,
                    3.348527070925526e-17,
                    -0.7578956434241756,
                    -0.22817274983275065
               ],
               [
                    0.0,
                    0.0,
                    0.0,
                    1.0
               ]
          ],
          [
               [
                    -1.2246467991473532e-16,
                    -1.0,
                    -6.123233995736767e-17,
                    -0.007120814935408812
               ],
               [
                    0.7578956434241756,
                    -1.327619445805202e-16,
                    0.6523758070917827,
                    0.018128888492278238
               ],
               [
                    -0.6523758070917827,
                    3.348527070925526e-17,
                    0.7578956434241756,
                    -0.22817274983275065
               ],
               [
                    0.0,
                    0.0,
                    0.0,
                    1.0
               ]
          ],
          [
               [
                    -6.123233995736765e-17,
                    -1.0,
                    1.2246467991473532e-16,
                    -0.007120814935408812
               ],
               [
                    0.6523758070917826,
                    -1.327619445805202e-16,
                    -0.7578956434241757,
                    0.018128888492278238
               ],
               [
                    0.7578956434241757,
                    3.348527070925526e-17,
                    0.6523758070917826,
                    -0.22817274983275065
               ],
               [
                    0.0,
                    0.0,
                    0.0,
                    1.0
               ]
          ]
     ],
     "scale": 100,
     "sampling_density": 2,
     "frame": "template to source"
}