{
     "name": "Square-Peg",
     "scan": 4,
     "bounding_box": 0,
     "transformation": [
          [
               [
                    0.6560590289905073,
                    0.0,
                    0.754709580222772,
                    -0.007295482079635343
               ],
               [
                    0.5719911029013273,
                    0.6523758070917827,
                    -0.4972242799010004,
                    0.027634677326328832
               ],
               [
                    -0.49235427151773137,
                    0.7578956434241756,
                    0.4279970385375334,
                    -0.2145935886022894
               ],
               [
                    0.0,
                    0.0,
                    0.0,
                    1.0
               ]
          ],
          [
               [
                    -0.754709580222772,
                    0.0,
                    0.6560590289905073,
                    -0.007295482079635343
               ],
               [
                    0.49722427990100043,
                    0.6523758070917827,
                    0.5719911029013273,
                    0.027634677326328832
               ],
               [
                    -0.42799703853753346,
                    0.7578956434241756,
                    -0.49235427151773137,
                    -0.2145935886022894
               ],
               [
                    0.0,
                    0.0,
                    0.0,
                    1.0
               ]
          ],
          [
               [
                    0.754709580222772,
                    0.0,
                    -0.6560590289905073,
                    -0.007295482079635343
               ],
               [
                    -0.4972242799010003,
                    0.6523758070917827,
                    -0.5719911029013273,
                    0.027634677326328832
               ],
               [
                    0.42799703853753335,
                    0.7578956434241756,
                    0.49235427151773137,
                    -0.2145935886022894
               ],
               [
                    0.0,
                    0.0,
                    0.0,
                    1.0
               ]
          ],
          [
               [
                    -0.6560590289905074,
                    0.0,
                    -0.7547095802227719,
                    -0.007295482079635343
               ],
               [
                    -0.5719911029013272,
                    0.6523758070917827,
                    0.49722427990100043,
                    0.027634677326328832
               ],
               [
                    0.4923542715177313,
                    0.7578956434241756,
                    -0.42799703853753346,
                    -0.2145935886022894
               ],
               [
                    0.0,
                    0.0,
                    0.0,
                    1.0
               ]
          ],
          [
               [
                    0.6560590289905073,
                    9.242526717056603e-17,
                    -0.754709580222772,
                    -0.007295482079635343
               ],
               [
                    0.5719911029013273,
                    -0.6523758070917828,
                    0.4972242799010003,
                    0.027634677326328832
               ],
               [
                    -0.49235427151773137,
                    -0.7578956434241756,
                    -0.4279970385375335,
                    -0.2145935886022894
               ],
               [
                    0.0,
                    0.0,
                    0.0,
                    1.0
               ]
          ],
          [
               [
                    0.754709580222772,
                    9.242526717056603e-17,
                    0.6560590289905073,
                    -0.007295482079635343
               ],
               [
                    -0.49722427990100027,
                    -0.6523758070917828,
                    0.5719911029013273,
                    0.027634677326328832
               ],
               [
                    0.42799703853753346,
                    -0.7578956434241756,
                    -0.49235427151773137,
                    -0.2145935886022894
               ],
               [
                    0.0,
                    0.0,
                    0.0,
                    1.0
               ]
          ],
          [
               [
                    -0.754709580222772,
                    9.242526717056603e-17,
                    -0.6560590289905073,
                    -0.007295482079635343
               ],
               [
                    0.4972242799010003,
                    -0.6523758070917828,
                    -0.5719911029013273,
                    0.027634677326328832
               ],
               [
                    -0.4279970385375335,
                    -0.7578956434241756,
                    0.49235427151773137,
                    -0.2145935886022894
               ],
               [
                    0.0,
                    0.0,
                    0.0,
                    1.0
               ]
          ],
          [
               [
                    -0.6560590289905072,
                    9.242526717056603e-17,
                    0.7547095802227721,
                    -0.007295482079635343
               ],
               [
                    -0.5719911029013274,
                    -0.6523758070917828,
                    -0.4972242799010002,
                    0.027634677326328832
               ],
               [
                    0.4923542715177314,
                    -0.7578956434241756,
                    0.42799703853753346,
                    -0.2145935886022894
               ],
               [
                    0.0,
                    0.0,
                    0.0,
                    1.0
               ]
          ]
     ],
     "scale": 100,
     "sampling_density": 2,
     "frame": "template to source"
}