{
     "name": "Pendulum",
     "scan": 5,
     "bounding_box": 1.0,
     "transformation": [
          [
               [
                    6.123233995736766e-17,
                    0.0,
                    1.0,
                    -0.004542777813507043
               ],
               [
                    0.7469342745710822,
                    0.6648978789791491,
                    -4.57365334263463e-17,
                    -0.007429170372383501
               ],
               [
                    -0.6648978789791491,
                    0.7469342745710822,
                    4.071325296258396e-17,
                    -0.3663934606084218
               ],
               [
                    0.0,
                    0.0,
                    0.0,
                    1.0
               ]
          ],
          [
               [
                    6.123233995736766e-17,
                    1.2246467991473532e-16,
                    -1.0,
                    -0.004542777813507043
               ],
               [
                    0.7469342745710822,
                    -0.6648978789791491,
                    -3.568997249882162e-17,
                    -0.007429170372383501
               ],
               [
                    -0.6648978789791491,
                    -0.7469342745710822,
                    -1.3218631981527656e-16,
                    -0.3663934606084218
               ],
               [
                    0.0,
                    0.0,
                    0.0,
                    1.0
               ]
          ]
     ],
     "scale": 100,
     "sampling_density": 2,
     "frame": "template to source"
}