{
     "name": "Range_Hood",
     "scan": 7,
     "bounding_box": 1.0,
     "transformation": [
          [
               [
                    -0.7071067811865476,
                    1.2246467991473532e-16,
                    -0.7071067811865476,
                    0.01587991659315917
               ],
               [
                    0.5815618477876089,
                    -0.5688335735482954,
                    -0.581561847787609,
                    0.029010758608123053
               ],
               [
                    -0.40222607722257653,
                    -0.8224526524999941,
                    0.4022260772225764,
                    -0.22164566626905455
               ],
               [
                    0.0,
                    0.0,
                    0.0,
                    1.0
               ]
          ]
     ],
     "scale": 1000,
     "sampling_density": 2,
     "frame": "template to source"
}