{
     "name": "Base-Top_Plate",
     "scan": 4,
     "bounding_box": 1.4,
     "transformation": [
          [
               [
                    1.0,
                    0.0,
                    0.0,
                    -0.003653973215088185
               ],
               [
                    0.0,
                    0.6634664626179505,
                    -0.748206023085369,
                    -0.028830861619407212
               ],
               [
                    0.0,
                    0.748206023085369,
                    0.6634664626179505,
                    -0.3468984470824933
               ],
               [
                    0.0,
                    0.0,
                    0.0,
                    1.0
               ]
          ],
          [
               [
                    -1.0,
                    1.2246467991473532e-16,
                    0.0,
                    -0.003653973215088185
               ],
               [
                    -8.125120797866902e-17,
                    -0.6634664626179505,
                    -0.748206023085369,
                    -0.028830861619407212
               ],
               [
                    -9.162881112742678e-17,
                    -0.748206023085369,
                    0.6634664626179505,
                    -0.3468984470824933
               ],
               [
                    0.0,
                    0.0,
                    0.0,
                    1.0
               ]
          ]
     ],
     "scale": 100,
     "sampling_density": 2,
     "frame": "template to source"
}