{
     "name": "Pendulum",
     "scan": 6,
     "bounding_box": 1.4,
     "transformation": [
          [
               [
                    0.7071067811865476,
                    0.0,
                    -0.7071067811865476,
                    -0.019995694784734196
               ],
               [
                    -0.5281622906498669,
                    0.6648978789791491,
                    -0.5281622906498669,
                    -0.022124643919138584
               ],
               [
                    0.47015379902270876,
                    0.7469342745710822,
                    0.47015379902270876,
                    -0.35518345938100343
               ],
               [
                    0.0,
                    0.0,
                    0.0,
                    1.0
               ]
          ],
          [
               [
                    0.7071067811865476,
                    -8.659560562354934e-17,
                    0.7071067811865476,
                    -0.019995694784734196
               ],
               [
                    -0.5281622906498669,
                    -0.6648978789791492,
                    0.5281622906498668,
                    -0.022124643919138584
               ],
               [
                    0.47015379902270876,
                    -0.7469342745710821,
                    -0.4701537990227089,
                    -0.35518345938100343
               ],
               [
                    0.0,
                    0.0,
                    0.0,
                    1.0
               ]
          ]
     ],
     "scale": 100,
     "sampling_density": 2,
     "frame": "template to source"
}