{
     "name": "Separator",
     "scan": 7,
     "bounding_box": 1.4,
     "transformation": [
          [
               [
                    -1.0,
                    0.0,
                    1.2246467991473532e-16,
                    -0.00503118602840673
               ],
               [
                    9.143846457094252e-17,
                    0.6652151537738065,
                    0.7466517254983684,
                    -0.03287893287358978
               ],
               [
                    -8.146536088134064e-17,
                    0.7466517254983684,
                    -0.6652151537738065,
                    -0.3442671282345895
               ],
               [
                    0.0,
                    0.0,
                    0.0,
                    1.0
               ]
          ],
          [
               [
                    -1.0,
                    1.4997597826618576e-32,
                    -1.2246467991473532e-16,
                    -0.00503118602840673
               ],
               [
                    9.143846457094252e-17,
                    -0.6652151537738064,
                    -0.7466517254983686,
                    -0.03287893287358978
               ],
               [
                    -8.146536088134064e-17,
                    -0.7466517254983686,
                    0.6652151537738064,
                    -0.3442671282345895
               ],
               [
                    0.0,
                    0.0,
                    0.0,
                    1.0
               ]
          ]
     ],
     "scale": 100,
     "sampling_density": 2,
     "frame": "template to source"
}