{
     "name": "Base-Top_Plate",
     "scan": 2,
     "bounding_box": 1.6,
     "transformation": [
          [
               [
                    0.9993908270190958,
                    0.0,
                    0.03489949670250097,
                    -0.011818767808461871
               ],
               [
                    0.026443542505002124,
                    0.6525965771399294,
                    -0.7572439808707854,
                    0.033580846391143525
               ],
               [
                    -0.022775292091958384,
                    0.7577055546221423,
                    0.6521990329377051,
                    -0.24708027567451335
               ],
               [
                    0.0,
                    0.0,
                    0.0,
                    1.0
               ]
          ],
          [
               [
                    -0.9993908270190958,
                    1.2239007774061617e-16,
                    0.03489949670250097,
                    -0.011818767808461871
               ],
               [
                    -0.026443542505002204,
                    -0.6525965771399294,
                    -0.7572439808707854,
                    0.033580846391143525
               ],
               [
                    0.02277529209195829,
                    -0.7577055546221423,
                    0.6521990329377051,
                    -0.24708027567451335
               ],
               [
                    0.0,
                    0.0,
                    0.0,
                    1.0
               ]
          ]
     ],
     "scale": 100,
     "sampling_density": 2,
     "frame": "template to source"
}