{
     "name": "Range_Hood",
     "scan": 1,
     "bounding_box": 1.6,
     "transformation": [
          [
               [
                    1.0,
                    0.0,
                    0.0,
                    -0.010697054079992234
               ],
               [
                    0.0,
                    0.802226760259349,
                    0.5970194512105857,
                    0.03502563658355443
               ],
               [
                    0.0,
                    -0.5970194512105857,
                    0.802226760259349,
                    -0.2240018409714317
               ],
               [
                    0.0,
                    0.0,
                    0.0,
                    1.0
               ]
          ]
     ],
     "scale": 1000,
     "sampling_density": 2,
     "frame": "template to source"
}