{
     "name": "Range_Hood",
     "scan": 3,
     "bounding_box": 1.6,
     "transformation": [
          [
               [
                    0.7071067811865476,
                    -0.7071067811865476,
                    0.0,
                    -0.013071868975915552
               ],
               [
                    0.5671670655174332,
                    0.5671670655174332,
                    0.5971959808845729,
                    0.037352936575976846
               ],
               [
                    -0.4222813277808334,
                    -0.4222813277808334,
                    0.8020953561861038,
                    -0.22704327335853092
               ],
               [
                    0.0,
                    0.0,
                    0.0,
                    1.0
               ]
          ]
     ],
     "scale": 1000,
     "sampling_density": 2,
     "frame": "template to source"
}