{
     "name": "Range_Hood",
     "scan": 6,
     "bounding_box": 1.6,
     "transformation": [
          [
               [
                    -1.0,
                    1.2246467991473532e-16,
                    0.0,
                    0.006435687028909031
               ],
               [
                    -9.825467870310808e-17,
                    -0.8023103377358828,
                    0.5969071300982537,
                    0.01802172344873306
               ],
               [
                    7.310004062630591e-17,
                    0.5969071300982537,
                    0.8023103377358828,
                    -0.2125804519438243
               ],
               [
                    0.0,
                    0.0,
                    0.0,
                    1.0
               ]
          ]
     ],
     "scale": 1000,
     "sampling_density": 2,
     "frame": "template to source"
}