{
     "name": "Range_Hood",
     "scan": 5,
     "bounding_box": 1.6,
     "transformation": [
          [
               [
                    -0.7071067811865476,
                    1.2246467991473532e-16,
                    0.7071067811865476,
                    -0.0026452647883915565
               ],
               [
                    -0.5673442717563917,
                    -0.5968592418740113,
                    -0.5673442717563916,
                    0.028137496418007817
               ],
               [
                    0.4220432173429751,
                    -0.8023459636525758,
                    0.42204321734297523,
                    -0.22924732483797294
               ],
               [
                    0.0,
                    0.0,
                    0.0,
                    1.0
               ]
          ]
     ],
     "scale": 1000,
     "sampling_density": 2,
     "frame": "template to source"
}