{
     "name": "Separator",
     "scan": 3,
     "bounding_box": 1.6,
     "transformation": [
          [
               [
                    0.7071067811865476,
                    0.0,
                    0.7071067811865476,
                    -0.012487747479441109
               ],
               [
                    0.5355842523382778,
                    0.6529157811651485,
                    -0.5355842523382778,
                    0.016353952115331798
               ],
               [
                    -0.4616811764055884,
                    0.7574305134502464,
                    0.4616811764055884,
                    -0.23359440529032421
               ],
               [
                    0.0,
                    0.0,
                    0.0,
                    1.0
               ]
          ],
          [
               [
                    0.7071067811865476,
                    8.659560562354934e-17,
                    -0.7071067811865476,
                    -0.012487747479441109
               ],
               [
                    0.5355842523382778,
                    -0.6529157811651486,
                    0.5355842523382777,
                    0.016353952115331798
               ],
               [
                    -0.4616811764055884,
                    -0.7574305134502463,
                    -0.46168117640558853,
                    -0.23359440529032421
               ],
               [
                    0.0,
                    0.0,
                    0.0,
                    1.0
               ]
          ]
     ],
     "scale": 100,
     "sampling_density": 2,
     "frame": "template to source"
}