{
     "name": "Separator",
     "scan": 4,
     "bounding_box": 1.6,
     "transformation": [
          [
               [
                    -0.7071067811865475,
                    0.0,
                    0.7071067811865476,
                    -0.0071773572017009984
               ],
               [
                    0.5355842523382778,
                    0.6529157811651485,
                    0.5355842523382777,
                    0.01493261517969735
               ],
               [
                    -0.4616811764055884,
                    0.7574305134502464,
                    -0.46168117640558837,
                    -0.23068741564983877
               ],
               [
                    0.0,
                    0.0,
                    0.0,
                    1.0
               ]
          ],
          [
               [
                    -0.7071067811865475,
                    8.659560562354934e-17,
                    -0.7071067811865476,
                    -0.0071773572017009984
               ],
               [
                    0.5355842523382778,
                    -0.6529157811651484,
                    -0.5355842523382778,
                    0.01493261517969735
               ],
               [
                    -0.4616811764055884,
                    -0.7574305134502465,
                    0.46168117640558826,
                    -0.23068741564983877
               ],
               [
                    0.0,
                    0.0,
                    0.0,
                    1.0
               ]
          ]
     ],
     "scale": 100,
     "sampling_density": 2,
     "frame": "template to source"
}